Cap,CarbonEmissions,TotalCost
7000,83786.32874999999,88600.8339626294
7000,83861.07789999999,126064.93627961987
7000,83786.32875000003,100629.43614907688
7000,83802.7293,96566.77290867757
7000,83802.72929999999,101768.42941023133
7000,83813.663,122908.32993063894
7000,83802.72929999999,132148.96829318703
7000,83861.07789999999,83909.32777834528
7000,83802.7293,107074.25063486173
7000,83786.32875,114083.77330907281
7000,83802.72930000004,100202.73812508844
7000,83802.72929999999,128216.20314014074
7000,83850.44184677294,108347.64609314439
7000,83900.29824999999,91993.17203023043
7000,83861.0779,106899.4822757226
7000,83861.0779,156286.60273743668
7000,83830.631,118159.91476059197
7000,83900.29825000002,139206.4249315095
7000,83802.72929999999,128252.1628883415
7000,83861.0779,96191.14775658747
7000,83850.44184677293,107994.33701886356
7000,83829.45316731125,126729.86054770777
7000,83900.29824999998,118284.28702184293
7000,83861.07789999999,110448.00784470784
7000,83786.32875,150519.251048196
7000,83802.72929999999,120714.75623981701
7000,83900.29824999999,133766.50261083018
7000,83786.32875,163629.88117273373
7000,83819.9949467729,134970.54205010957
7000,83786.32875,171326.8160178755
7000,83861.07789999997,127390.66642706309
7000,83802.72929999999,110909.13510648946
7000,83900.29824999998,135880.44437785176
7000,83786.32875,172732.77884358627
7000,83889.84201628806,108269.77112933232
7000,83900.29825,106160.96704287335
7000,83786.32874999999,96017.43804528982
7000,83850.44184677291,106360.04818607875
7000,83850.4418467729,141822.22606579599
7000,83861.0779,101622.09682474856
7000,83889.66219677294,139093.9205528159
7000,83830.63100000001,110952.4207322795
7000,83802.7293,82684.78309979934
7000,83889.66219677292,105550.93776049335
7000,82209.23964194146,78587.37379377248
7000,83802.72929999998,154162.9255858102
7000,83900.29825000004,101775.11948662154
7000,83802.72930000004,86914.25654811619
7000,83802.72930000002,110872.73198375935
7000,83900.29825,138047.6802519798
7000,83900.29824999999,109299.38605327351
7000,83819.99494677295,118697.29039542786
7000,83830.63100000002,141469.50192783528
7000,83239.9633745503,87925.49788394269
7000,83819.99494677292,118596.02024775745
7000,83830.63099999998,88868.6235045812
7000,83802.72929999999,81825.23093144227
7000,82386.21571606158,119452.54872515806
7000,83830.63100000004,122591.35932940243
7000,83813.663,128219.88066231943
7000,83889.66219677292,103213.86417766669
7000,83786.32875000002,128408.3489399066
7000,82958.43913701324,79245.60106720266
7000,83872.79264596371,98410.99463833848
7000,83786.32875000002,177020.39737796882
7000,83861.0779,104679.71351695048
7000,83830.63100000005,82834.92131951638
7000,83861.07789999999,157246.55442044992
7000,83889.66219677294,85303.28337933235
7000,83802.7293,117540.19969134693
7000,83900.29825,121811.9869523589
7000,83900.29825000004,87012.31205551313
7000,83802.72929999999,137880.66287674668
7000,83802.72929999999,156188.28519726355
7000,83861.0779,91192.65793835655
7000,83786.32874999999,137892.93093399805
7000,83786.32875,137318.67608163515
7000,82848.6692919415,90888.28785191603
7000,83850.44184677291,94739.25248587373
7000,83889.66219677292,97898.12509903949
7000,83786.32875000002,103414.61504098706
7000,83861.0779,102369.83142137638
7000,83861.0779,122014.30402474968
7000,83802.72930000002,132599.85127170742
7000,83861.07789999999,109111.30367664972
7000,83861.0779,94753.59913333802
7000,83830.631,119537.8744784696
7000,83850.4418467729,139648.75901528104
7000,83830.63100000001,141636.51354644512
7000,83802.72929999999,134114.30046760893
7000,83786.32875000002,147104.77206175166
7000,83802.7293,91182.28919823206
7000,83786.32875,91236.33348473358
7000,83833.5722959637,103721.01080922733
7000,83830.63100000002,97676.85466745839
7000,83786.32874999997,104565.30846488736
7000,83830.63100000002,143726.79809216986
7000,83802.7293,142380.24248458783
7000,83861.07790000002,110601.38248296098
7000,83802.72929999998,147962.28413755656
5000,60000.000000000015,194361.99789804587
5000,60000.0,266214.51848041406
5000,60000.00000000002,228975.69332397476
5000,60000.00000000001,194079.08423840813
5000,60000.00000000001,233314.33078584296
5000,60000.00000000001,262194.0441766152
5000,60000.00000000001,267810.70711318485
5000,60000.000000000015,172031.021230077
5000,60000.00000000001,243164.53842317918
5000,60000.00000000002,240144.01239301698
5000,60000.00000000001,230907.86873058713
5000,60000.00000000001,268477.05527020496
5000,60000.0,236476.03433032898
5000,60000.00000000001,201481.3229674928
5000,59999.99999999999,232339.1996548624
5000,60000.00000000001,297937.2171155056
5000,60000.000000000015,257337.96571533766
5000,60000.000000000015,279562.6902204744
5000,60000.00000000001,264943.89140447765
5000,60000.0,205717.65168540826
5000,60000.0,246485.97067571676
5000,60000.0,263674.1441776767
5000,60000.000000000015,252428.53082878384
5000,60000.00000000001,221619.79736177047
5000,60000.0,292112.1466155046
5000,60000.000000000015,246453.47205062778
5000,60000.0,274318.1300232023
5000,60000.000000000015,306201.7207230648
5000,60000.0,271530.46862900874
5000,60000.00000000001,314146.63988517143
5000,60000.0,262355.6401285412
5000,60000.00000000004,226287.8277566282
5000,60000.0,276290.25388334657
5000,60000.00000000001,315425.898020875
5000,59999.99999999999,226904.71696933484
5000,60000.0,244327.76565168262
5000,60000.00000000001,220946.85864121732
5000,60000.000000000015,240843.88913980187
5000,60000.0,282511.2329612493
5000,60000.0,210554.44059145908
5000,60000.00000000001,279513.3639706713
5000,60000.00000000002,249228.05800627283
5000,60000.00000000001,160246.16757776192
5000,59999.99999999999,225516.45288529646
5000,60000.0,190918.7146145577
5000,60000.000000000015,296015.600810221
5000,60000.000000000015,237543.40955136347
5000,60000.00000000002,190134.91158110055
5000,60000.0,233115.33939035752
5000,60000.000000000015,278972.7165506952
5000,60000.0,245567.1660375796
5000,60000.0,240902.43744256714
5000,60000.0,282411.2776276995
5000,60000.0,214914.4805101291
5000,60000.0,252762.29685315918
5000,60000.00000000001,184946.1922327099
5000,60000.00000000001,172529.51535372355
5000,60000.00000000001,257160.54141755938
5000,60000.0,261617.44205415566
5000,60000.000000000015,265107.6484534284
5000,60000.0,235389.55458146468
5000,60000.000000000015,268808.5331019747
5000,60000.00000000002,147289.01700680226
5000,60000.0,212461.05918965297
5000,60000.00000000002,319753.4142815522
5000,60000.000000000015,217330.3923446101
5000,60000.0,176074.14298160555
5000,60000.00000000001,299568.7392537177
5000,60000.00000000001,153230.92232763057
5000,60000.000000000015,256797.1497825564
5000,60000.00000000001,261379.17991266385
5000,60000.0,185746.14112956813
5000,60000.00000000002,278495.7214383416
5000,60000.000000000015,298489.5702769687
5000,60000.00000000001,185556.2417256713
5000,60000.00000000001,278275.9515853829
5000,60000.00000000002,270728.15195846395
5000,59999.99999999999,222063.4676022205
5000,60000.0,211050.1157018122
5000,60000.0,225331.59789850985
5000,60000.00000000002,239274.94522577463
5000,60000.00000000001,229026.3413518633
5000,60000.000000000015,261180.62104437908
5000,60000.00000000001,272720.563458203
5000,60000.0,242593.62762784175
5000,59999.99999999999,220415.01913414788
5000,60000.000000000015,253202.09236167907
5000,60000.0,280308.71306040307
5000,60000.00000000001,278669.4276123312
5000,60000.00000000001,261033.61992621433
5000,60000.00000000002,288599.6266249933
5000,60000.00000000001,217061.96993340433
5000,60000.00000000001,206769.3904043223
5000,60000.00000000001,230099.92478121372
5000,59999.999999999985,214281.30824886344
5000,60000.00000000001,233479.2652586648
5000,60000.00000000001,280161.77189517696
5000,60000.00000000002,283405.8083379925
5000,60000.0,249551.20980295257
5000,59999.99999999999,288941.5150794596
9000,88466.51341432257,77641.30325653756
9000,93970.58511663512,86819.64232974972
9000,91486.65727200001,82591.18882120316
9000,90611.83839269109,81644.10960350707
9000,91746.9886772154,82292.77619945473
9000,95499.01765758499,88093.79082844743
9000,95796.05638112717,90344.91349822532
9000,87687.6189121141,73423.92727272474
9000,90589.2708145454,82163.20523247858
9000,91960.17842299702,82862.56561384498
9000,91288.23370823555,82520.14451870511
9000,96025.60035006158,89015.54607353594
9000,93863.62578508655,84168.68528465014
9000,89958.92495173997,76425.1823804161
9000,91942.13734127887,81635.24759026342
9000,96084.61981449851,89492.44785644738
9000,93787.43099200002,84965.57509517024
9000,93813.46993181178,86321.27966631691
9000,95799.66202190396,88544.02325773035
9000,89952.68344204797,78300.42822683975
9000,94681.6590122279,83621.89693973845
9000,96395.8835073527,87810.06164111017
9000,93709.93584349364,83432.3805748497
9000,91618.14549102938,80968.1024708652
9000,96208.3748265267,91488.14496640416
9000,94358.51303208571,87727.05931844887
9000,95047.3204501213,87415.62575950832
9000,98085.0852590157,95504.47109898989
9000,95950.27599339052,88424.50476566097
9000,99240.72898663844,98122.51727749614
9000,94180.60190010999,85125.72447498444
9000,93221.159079,84209.70378550931
9000,93866.88058885207,83566.71872063403
9000,97361.85705892257,94427.5967210375
9000,93203.94708030047,83477.88520712947
9000,91509.09665913624,79820.7366787857
9000,90600.28892990142,82005.21553228285
9000,92953.38921699549,82104.095331637
9000,96332.66302371545,86823.82960195474
9000,91799.46226396791,79004.37088701865
9000,94971.3563431297,85983.32455601703
9000,92010.39141967507,82202.64334647328
9000,85816.28411608485,72814.94647223456
9000,92666.12877903726,82026.13038137768
9000,85862.21573309723,70865.97072141324
9000,98455.00287807803,93068.5672571504
9000,90839.84113393463,78342.6618097387
9000,88150.53627691652,76143.15003854001
9000,93666.80190830125,86169.76575044406
9000,93486.72831792344,87084.69826879977
9000,91067.83436123801,78668.26078891942
9000,94865.55506035066,85343.27163576733
9000,97040.07238519128,89823.74180522966
9000,89616.91922371543,76779.38091919
9000,92602.33971247888,84122.0193983514
9000,87246.8699904773,74826.62171501931
9000,86236.16112151045,74244.33914578073
9000,89275.75179266691,79772.95909815203
9000,93128.47573341652,82521.20005118495
9000,96367.41147475159,89150.93547437957
9000,93177.78662972493,81698.37784375981
9000,96152.18973523642,91008.20467849397
9000,82887.56954055728,70637.10651340125
9000,92418.10077313066,80307.32779654147
9000,97335.99019520372,96208.68657579811
9000,92178.7238935,81394.68383119302
9000,86287.6825647889,74048.36185867133
9000,94942.68707974181,93044.5332576818
9000,85581.35053485414,74665.20075146719
9000,93070.66712758197,85098.58033707149
9000,92618.40975497336,81315.76231050842
9000,89808.18197349671,75933.81916337286
9000,94465.72155168123,87166.01957148738
9000,98227.23801147514,94841.79792175618
9000,89959.0392526373,77027.0091374348
9000,92646.9252290782,87373.58631428832
9000,96812.8019444267,93880.91386146187
9000,89000.2904907065,75740.51805768732
9000,91232.74629255418,79390.55950648975
9000,91298.64264568892,79593.07116226514
9000,91953.03714200002,82323.85606500003
9000,91980.1752762881,80855.39224778808
9000,91849.27393772817,81800.65688586437
9000,91988.45392010472,83627.30812916711
9000,92620.89204222789,80631.60506711865
9000,89517.530740308,77508.13188603042
9000,94621.92351483146,86539.90989425089
9000,94543.54052260799,87787.6574461859
9000,96250.72632035069,87220.22284613227
9000,96301.7553439932,90257.74491798876
9000,96991.7202332584,91886.49226132342
9000,90110.79413393693,78252.56231394435
9000,88671.92004497332,78477.6212003635
9000,93856.92715349999,83192.46954078083
9000,87176.38089502807,78297.38372657602
9000,90922.57659896037,82581.27643193357
9000,98061.50935000001,89638.75776051612
9000,94763.69103555473,90205.1025409358
9000,94232.3081798799,83340.55554810185
9000,94405.01000895293,89550.29920315903
11000,87987.06254583415,77587.38240465397
11000,94268.61292283467,86120.59864960624
11000,91516.23513399999,82294.94029000001
11000,90151.45232882808,81270.67784674864
11000,91607.55060539997,82088.01756400001
11000,95613.60642283467,87525.72564960635
11000,95923.66517283466,89289.4021496062
11000,87319.85513290427,73341.65299761084
11000,90640.42997283468,81757.04514960632
11000,91522.26703400002,82813.849595
11000,91360.25427283469,81734.42314960633
11000,96110.56513741828,88499.46230714391
11000,93759.15488109042,83631.37850132636
11000,89745.83714802649,76290.34271153316
11000,91718.28480434425,80976.66736911742
11000,96358.04907283469,87903.06614960637
11000,93847.4614745,84550.29180000005
11000,94261.9553695,84501.70472000004
11000,95640.41927283465,88368.70364960624
11000,89806.70414615925,77806.21009474926
11000,94726.44837283465,83470.66964960635
11000,96152.50086150959,87333.49673951104
11000,93848.26928839998,82810.78881400001
11000,91460.26329802649,80411.80021153316
11000,96444.627441,90960.572574
11000,94536.80494802649,86345.37921153315
11000,95373.71422283463,86626.38414960621
11000,98351.13302283465,94457.74114960633
11000,96235.03138839999,87438.81081400003
11000,99701.11192283468,95738.49164960632
11000,94254.89422283467,84214.75864960634
11000,93303.59923302651,83697.76694153315
11000,93975.8202884,83044.30581399998
11000,97649.81117283467,93128.69264960634
11000,92742.47103449341,82859.50503364242
11000,91422.6016884,79565.42881400003
11000,90699.8731144,81512.77101000001
11000,92821.01730600957,81986.95901951108
11000,96397.26682283467,86641.17964960636
11000,91580.98404802648,78868.11621153318
11000,95221.05336949998,85241.81172000001
11000,92168.32072283467,81802.45214960631
11000,85563.67609802645,72624.40821153314
11000,92485.86195434423,81448.11936911743
11000,85818.04602283465,70696.78114960632
11000,98710.35337783469,92241.78139960636
11000,90690.04095100958,78174.23543951107
11000,87723.36923400001,76113.056095
11000,93348.71690434426,85930.67886911728
11000,93775.8634228347,85695.86664960628
11000,90864.61203954715,78452.85734529035
11000,95042.84167283466,84886.19014960635
11000,96854.0944043443,89446.83086911743
11000,89556.2573228347,76702.59864960634
11000,92925.19815580001,82654.722464
11000,86799.43834770138,74714.7515214379
11000,85561.68071179342,73675.25466114242
11000,89482.28081900002,78490.43232499999
11000,92986.72918400003,82445.14559500004
11000,96556.20222283468,88494.97314960633
11000,92907.16602599999,81496.76247000002
11000,95971.07260434427,90858.31836911729
11000,82410.90027590429,70563.58635261083
11000,92074.48357250955,80231.43545951108
11000,97934.5835195,92380.16772000003
11000,91922.6601228347,80935.66514960636
11000,85652.31965264918,73393.33336286241
11000,95430.17932283467,90278.82714960622
11000,85594.50179224755,74059.08762164682
11000,93226.11995783467,84549.27987960631
11000,92575.9405728347,81224.41714960632
11000,89001.5474838281,75548.12559674875
11000,94768.69857283466,86312.21964960633
11000,98250.60660434427,93826.8438691174
11000,89195.06906533771,76502.02681625982
11000,92994.69672283472,86237.23464960634
11000,97244.99709615925,92863.34059474908
11000,88715.89780434425,75602.15236911741
11000,91097.3640728347,79136.67264960636
11000,91144.60547775574,79369.26557172001
11000,91914.78762450001,82294.42630000002
11000,91881.42968954716,80307.37484529038
11000,91913.26903400003,81225.81359500003
11000,92219.25106950001,82921.05222
11000,92532.20797283466,80556.26014960634
11000,89386.93409615928,77376.46209474922
11000,94659.73940771246,85760.16943568405
11000,94984.69353840002,86484.36881400003
11000,96404.84467283469,86770.18264960633
11000,96545.28856439999,89259.80301000006
11000,97164.48487449999,91348.59780000005
11000,89834.00445579998,78150.59046400002
11000,88559.19234600003,78414.68599
11000,93723.72350783469,82966.53437960634
11000,87249.91154665579,77237.26616572001
11000,91036.19802783466,82254.96239960633
11000,98022.8516228347,89562.42464960631
11000,94892.11567999999,88981.15552
11000,93956.52043954718,83269.56634529038
11000,94781.09728664998,88358.10138899999
11000,87987.06254583415,77587.38240465397
11000,94268.61292283467,86120.59864960624
11000,91516.23513399999,82294.94029000001
11000,90151.45232882808,81270.67784674864
11000,91607.55060539997,82088.01756400001
11000,95613.60642283467,87525.72564960635
11000,95923.66517283466,89289.4021496062
11000,87319.85513290427,73341.65299761084
11000,90640.42997283468,81757.04514960632
11000,91522.26703400002,82813.849595
11000,91360.25427283469,81734.42314960633
11000,96110.56513741828,88499.46230714391
11000,93759.15488109042,83631.37850132636
11000,89745.83714802649,76290.34271153316
11000,91718.28480434425,80976.66736911742
11000,96358.04907283469,87903.06614960637
11000,93847.4614745,84550.29180000005
11000,94261.9553695,84501.70472000004
11000,95640.41927283465,88368.70364960624
11000,89806.70414615925,77806.21009474926
11000,94726.44837283465,83470.66964960635
11000,96152.50086150959,87333.49673951104
11000,93848.26928839998,82810.78881400001
11000,91460.26329802649,80411.80021153316
11000,96444.627441,90960.572574
11000,94536.80494802649,86345.37921153315
11000,95373.71422283463,86626.38414960621
11000,98351.13302283465,94457.74114960633
11000,96235.03138839999,87438.81081400003
11000,99701.11192283468,95738.49164960632
11000,94254.89422283467,84214.75864960634
11000,93303.59923302651,83697.76694153315
11000,93975.8202884,83044.30581399998
11000,97649.81117283467,93128.69264960634
11000,92742.47103449341,82859.50503364242
11000,91422.6016884,79565.42881400003
11000,90699.8731144,81512.77101000001
11000,92821.01730600957,81986.95901951108
11000,96397.26682283467,86641.17964960636
11000,91580.98404802648,78868.11621153318
11000,95221.05336949998,85241.81172000001
11000,92168.32072283467,81802.45214960631
11000,85563.67609802645,72624.40821153314
11000,92485.86195434423,81448.11936911743
11000,85818.04602283465,70696.78114960632
11000,98710.35337783469,92241.78139960636
11000,90690.04095100958,78174.23543951107
11000,87723.36923400001,76113.056095
11000,93348.71690434426,85930.67886911728
11000,93775.8634228347,85695.86664960628
11000,90864.61203954715,78452.85734529035
11000,95042.84167283466,84886.19014960635
11000,96854.0944043443,89446.83086911743
11000,89556.2573228347,76702.59864960634
11000,92925.19815580001,82654.722464
11000,86799.43834770138,74714.7515214379
11000,85561.68071179342,73675.25466114242
11000,89482.28081900002,78490.43232499999
11000,92986.72918400003,82445.14559500004
11000,96556.20222283468,88494.97314960633
11000,92907.16602599999,81496.76247000002
11000,95971.07260434427,90858.31836911729
11000,82410.90027590429,70563.58635261083
11000,92074.48357250955,80231.43545951108
11000,97934.5835195,92380.16772000003
11000,91922.6601228347,80935.66514960636
11000,85652.31965264918,73393.33336286241
11000,95430.17932283467,90278.82714960622
11000,85594.50179224755,74059.08762164682
11000,93226.11995783467,84549.27987960631
11000,92575.9405728347,81224.41714960632
11000,89001.5474838281,75548.12559674875
11000,94768.69857283466,86312.21964960633
11000,98250.60660434427,93826.8438691174
11000,89195.06906533771,76502.02681625982
11000,92994.69672283472,86237.23464960634
11000,97244.99709615925,92863.34059474908
11000,88715.89780434425,75602.15236911741
11000,91097.3640728347,79136.67264960636
11000,91144.60547775574,79369.26557172001
11000,91914.78762450001,82294.42630000002
11000,91881.42968954716,80307.37484529038
11000,91913.26903400003,81225.81359500003
11000,92219.25106950001,82921.05222
11000,92532.20797283466,80556.26014960634
11000,89386.93409615928,77376.46209474922
11000,94659.73940771246,85760.16943568405
11000,94984.69353840002,86484.36881400003
11000,96404.84467283469,86770.18264960633
11000,96545.28856439999,89259.80301000006
11000,97164.48487449999,91348.59780000005
11000,89834.00445579998,78150.59046400002
11000,88559.19234600003,78414.68599
11000,93723.72350783469,82966.53437960634
11000,87249.91154665579,77237.26616572001
11000,91036.19802783466,82254.96239960633
11000,98022.8516228347,89562.42464960631
11000,94892.11567999999,88981.15552
11000,93956.52043954718,83269.56634529038
11000,94781.09728664998,88358.10138899999
11000,97234.83382283471,89973.80064960633
11000,97421.1736728347,89413.27564960634
11000,96659.49028109045,90188.3460013264
11000,91778.29355783468,80698.90187960635
11000,96183.79988105588,88318.38892292319
11000,94768.4929321246,87269.12715314292
11000,92501.4985725096,83797.85245951108
11000,96020.71577449999,87160.47030000006
11000,95021.91270783468,85050.29537960635
11000,92225.17266950001,83282.03472000004
11000,94426.98292283468,85927.85414960634
11000,94491.25924615924,84699.54159474924
11000,88973.74096950004,75930.83522000002
11000,92765.4401908,82365.55119400003
11000,97167.59750934425,92307.12561911729
11000,87509.2520838281,75306.13709674875
11000,86671.5153728347,75340.91864960632
11000,91462.32815579997,82352.55146400003
11000,87964.28385434425,77402.59236911742
11000,89347.07046440004,79585.03051
11000,99341.128884,95958.27059500001
11000,94631.2016884,86541.37931400003
11000,96689.10058105586,88647.82542292317
11000,90863.98635579998,78318.80596400003
11000,100004.13717999999,97570.26902000002
11000,90854.57262283465,81179.71014960636
11000,100739.99297283465,93773.84414960635
11000,90754.46392283466,77883.71914960632
11000,89429.5865725125,75834.06065968405
11000,94196.93592283467,87559.81814960626
11000,92209.88612283471,79988.04364960635
11000,102041.94157283465,99315.41714960636
11000,89637.09169665577,80594.77866572002
11000,95171.25359340003,86166.34806399999
11000,95671.3076728347,89207.00864960633
11000,86692.54018983468,73763.50489960631
11000,93477.78014802648,83395.42721153307
11000,98086.27407283471,90157.41214960636
11000,84785.69701405575,70240.98931572
11000,93068.22739099998,85785.64524000001
11000,92425.95145434425,81760.17336911743
11000,96057.84429099999,88342.35274000003
11000,93758.28277283466,87363.80164960635
11000,93691.62742283469,82310.61314960638
11000,92845.53862783479,84791.21589960609
11000,95344.51625283468,86415.08184210637
11000,87121.03300450002,75787.89245
11000,92290.48663954715,80175.75534529038
11000,89569.47483109045,79435.34450132631
11000,87575.53292882808,74392.03084674876
11000,96611.69812600005,89955.41297000003
11000,91709.15012949999,79379.44055
11000,95978.92309802645,87617.42321153318
11000,94793.55249802646,83697.44871153319
11000,98383.08579585295,95339.61144675026
11000,90471.51522450004,79886.2673
11000,93433.7928558,82412.40096400001
11000,93643.7248278347,86891.64389960634
11000,93733.99482802648,83685.84340403316
11000,91280.9769873246,80334.92073264292
11000,92240.26184099997,83479.37457400002
11000,96537.8845874183,89639.38130714395
11000,92744.21960580001,84812.17396400003
11000,94309.85282449998,84548.26030000001
11000,88974.4924728347,76356.25414960636
11000,89587.21087283466,76603.47964960634
11000,93046.57562283467,84269.66414960631
11000,91334.46925580001,80564.73196400004
11000,92433.65184802646,81110.23871153318
11000,89950.18561949999,80032.43172000002
11000,96225.81247283466,88066.92464960634
11000,92608.0091288183,84394.31126114394
11000,94228.00163839999,83658.75731400002
11000,90541.81948400005,79283.67909500003
11000,93497.6981278347,83666.87189960633
11000,92050.15982283463,81585.04764960623
11000,97317.30751949998,90382.18572000002
11000,97329.73785579999,88682.10846400005
11000,93894.48279600001,82510.05399000003
11000,92964.21053840002,84391.406314
11000,98756.90553840004,90485.27631400002
11000,92013.0336728347,82967.11014960636
11000,91707.40915450004,81122.30395
11000,97915.876991,92747.65307400002
11000,95112.03447283467,85212.98014960637
11000,91231.22145771248,82499.30543568404
11000,91701.47085434425,79577.42836911742
11000,92433.90267283467,83417.10664960633
11000,96952.06892283467,90202.28914960631
11000,96236.4534644,90472.82401000003
11000,91112.72535879999,86199.89870800001
11000,92855.26175732461,82173.56554014294
11000,92808.78996949998,83132.23422000004
11000,88803.45287283465,78154.56014960632
11000,95063.69357283469,84990.30714960638
11000,88332.6182310904,77324.99900132633
11000,92919.74503580002,82091.99515650002
11000,93635.2603228347,85431.59664960632
11000,91513.83977283466,81580.35164960631
11000,94000.93932283469,84855.97764960637
11000,92724.50317283467,80410.79164960638
11000,90902.5395510096,79750.74813451107
11000,88815.01221950001,76687.37071999999
11000,85371.75905783469,72682.02837960632
11000,95076.72228839998,87365.411148
11000,96242.25582283468,89464.07564960636
11000,86755.96423099181,72376.12902592686
11000,97649.38997283464,89473.09014960636
11000,92466.56593109043,81260.18800132634
11000,93660.72749100001,84268.24224000002
11000,91400.17435580002,79046.78696400003
11000,94855.62327283467,84116.82014960643
11000,93862.38002600003,83566.27097000003
11000,94927.74472283466,87226.07514960635
11000,86241.63140654715,77677.30259529024
11000,94117.80558840002,84831.33781400003
11000,94185.6938278347,87213.44989960632
11000,92330.81147283467,80254.65164960637
11000,95491.28192283468,86777.14714960636
11000,85541.00833954714,71145.21534529037
11000,91164.09237283467,78891.62514960633
11000,98120.17012283477,92537.67464960612
11000,87744.4890228347,75411.25464960634
11000,90701.99052283465,82888.49464960619
11000,91721.67700783466,79524.18537960635
11000,91047.42047283471,78280.09114960638
11000,91799.6600278347,79374.96339960635
11000,94006.65963839999,86515.60931400002
11000,90389.91262843709,79351.99345482694
11000,91412.86577283466,80109.62814960636
11000,94356.38873954715,86506.78284529035
11000,93654.11255783468,88431.8973796063
11000,91102.20703839998,80133.716314
11000,96403.04203,89505.47052
11000,89149.5054511593,77283.2288447492
11000,92031.7569728347,83865.32064960636
11000,94115.89391950001,83934.98441500001
11000,94086.2423228347,83366.58464960635
11000,99462.7887228347,94119.45364960635
11000,91403.21362283465,78570.97664960635
11000,94356.40525434427,84494.76486911743
11000,89369.40984329997,76359.6522265
11000,85784.0071228,71631.553714
11000,98233.74581990959,91694.52253351106
11000,96922.95377283468,87285.35414960636
11000,92323.35084615926,81698.93009474926
11000,94138.4097728347,82813.19914960639
11000,91022.97650580002,80209.17146400001
11000,90067.64828954717,77532.72034529038
11000,87806.82523954715,78845.52834529025
11000,92494.66520580002,83320.61296400003
11000,93342.75364932457,83200.93774914289
11000,89667.40372283466,79505.34814960632
11000,90117.81630800001,80951.59298999998
11000,99832.42345783468,93258.90087960631
11000,96009.14740783467,88745.63537960633
11000,90747.28459585294,78831.93344675025
11000,91199.70240771248,82888.46226968404
11000,90154.6439278347,78060.41439960632
11000,91225.71652283467,82899.29464960632
11000,93401.46300580005,83238.07646400006
11000,91874.76508954715,80087.49584529042
11000,98505.6968228348,95360.46914960608
11000,91506.80786549345,79553.40822714243
11000,89676.51173400003,77581.27759500002
11000,102851.93182283468,100302.85014960634
11000,95617.6654578347,86607.04687960637
11000,91125.57145600958,80032.16751951107
11000,85130.19763609041,71006.20125132633
11000,89175.09912250956,80122.85945951106
11000,93718.83194100003,83132.23774000003
11000,91788.56239100001,80168.28674000003
11000,86056.13418983467,72045.92789960634
11000,92714.31120950001,84346.00202999999
11000,92691.93618400002,84873.964595
11000,95855.39222283475,89976.54214960616
11000,96155.94310519999,88060.74098000002
11000,96007.76367283467,88377.01664960633
11000,96471.72312283466,88754.63164960637
11000,88492.47047283464,75420.45364960634
11000,97574.30280283466,92049.12934210619
11000,91930.485634,83037.03209500003
11000,92348.95602283464,79628.35764960638
11000,95949.41319100001,88085.14324000006
11000,94807.37603399182,89597.21576992684
11000,92047.86150450002,83154.58545000001
11000,96804.69257283464,88212.44314960638
11000,89718.0825644,80674.96901
11000,89439.46181432458,79660.5286851429
11000,92197.80600434425,81996.08886911742
11000,88946.10977283472,77707.74064960635
11000,97471.94108934428,90307.34509911742
11000,94004.94137283467,83886.44914960637
11000,91570.45069662116,83889.28392131688
11000,94138.6950578347,83887.53037960632
11000,90061.2287745,76480.37247000002
11000,90021.46352250958,77909.79845951106
11000,98199.40507283468,90226.75614960631
11000,97266.54547283468,93369.82814960633
11000,91750.51055771248,84274.37993568403
11000,94789.38027283466,83290.51314960633
11000,98273.17467283469,90721.38414960624
11000,98130.58476950001,89279.32122000007
11000,85429.14649454718,70258.39859529033
11000,90173.39049662121,78267.40008731688
11000,99709.52552283468,92108.64664960632
11000,95431.09018400002,85726.29529
11000,92896.96695783471,82427.46687960633
11000,95319.55249100001,88271.74574000006
11000,95311.31354100001,87469.60874000004
11000,91288.42950580001,83426.38946400004
11000,95660.29870619341,91354.67042714242
11000,92715.71485580002,80737.30246400002
11000,85809.62671405575,71342.26931572001
11000,86809.85623954715,73221.00634529036
11000,94703.15052283468,83612.8606496064
11000,96750.198541,88672.47324000005
11000,87773.64497259916,77200.38607895916
11000,93049.94554782458,83426.10874514289
11000,97338.84762999999,90461.10802000001
11000,91404.58422450001,80628.10830000002
11000,94450.70959615926,83799.32759474925
11000,95617.22727283469,87551.80064960632
11000,96371.4161384,86693.84731400001
11000,98377.5967728347,92643.80264960624
11000,90406.93431775001,80184.979295
11000,90604.57721440001,81620.88901000001
11000,88538.55554802647,75214.29071153318
11000,92049.66230283468,79654.79934210634
11000,100287.626341,95089.37674000005
11000,91121.49189100003,82305.14173999999
11000,95942.17317283466,87385.02064960625
11000,91576.49566440002,80208.05851000003
11000,93469.4788245,82867.54780000003
11000,89470.55758954714,77481.96934529027
11000,97139.32142283474,88350.54164960636
11000,90901.8048373096,81977.01818351107
11000,92060.38618500001,81192.99476999999
11000,91124.21812283467,80203.10264960634
11000,87467.12728099182,73929.47102592683
11000,94618.74751432458,87502.4971851429
11000,90046.96061719998,80203.84398
11000,86798.29826609042,76110.37773132633
11000,89148.35575771246,77015.39343568403
11000,86990.36162283467,72961.28664960635
11000,90731.59873959183,77942.91857192686
11000,99624.59187283467,94580.90264960623
11000,93396.515741,86774.513074
11000,88808.395584,77802.139095
11000,92806.1340728347,81716.85664960634
11000,88658.4597058,78364.44346400001
11000,92835.0222728347,84128.68564960631
11000,90592.00317283468,78161.17114960637
11000,96763.28837283474,89365.79264960633
11000,94511.55727450001,85384.64980000003
11000,90548.9699234,78842.75354400002
11000,95162.6717377246,84977.71145514291
11000,94337.2141384,85571.08064800002
11000,92031.50848840002,82315.576314
11000,91342.44667283467,78530.56714960637
11000,96876.86827283466,92175.69814960624
11000,98777.78262283471,89751.41764960633
11000,94133.41667449998,83335.67980000004
11000,84948.81476179342,72578.5531611424
11000,93894.38072283469,84048.66264960627
11000,93534.91490579999,83874.93146400004
11000,88317.6924291246,77463.2499091429
11000,90783.54734802646,77708.50721153314
11000,91495.98253399183,84854.60276992685
11000,92327.1889382212,82081.82279331687
11000,90244.84723839999,78678.60531400004
11000,93414.89250434424,84049.5588691174
11000,91543.12003400004,81265.28259500003
11000,96928.42372450001,92825.97380000004
11000,91838.15037283472,82211.11064960634
11000,94051.20543840002,84565.47531400001
11000,95865.77437283465,85954.01414960634
11000,92226.31486950003,81779.17972000001
11000,91118.94746440003,80183.16050999999
11000,90017.2104052,78476.47548000001
11000,97674.08300434425,92545.87486911728
11000,90623.9896467934,80462.94089114241
11000,91896.94867283464,79626.9511496064
11000,95090.19742108464,88415.34222460631
11000,88132.8954117246,75744.24075914292
11000,94357.55514100002,85862.47074000005
11000,97237.51238000001,92419.65351999999
11000,88713.89341412461,77796.1486391429
11000,99176.81627283468,93431.09464960634
11000,93879.66647283468,86172.87614960625
11000,94185.59752283468,85483.44764960624
11000,89310.56064340001,79776.37756400001
11000,97500.50841440001,91366.37601000007
11000,89114.87810580005,77053.07846400002
11000,91443.53703115924,81767.31682474913
11000,86054.13770953707,71353.29286082693
11000,94588.76712283464,87157.15714960625
11000,86719.46951432459,74280.06818514291
11000,98756.89097283466,98212.7121496062
11000,83490.57338900001,69176.29734500001
11000,92780.24713839998,83182.12981400001
11000,86306.52177283469,74344.29914960633
11000,95834.22175434422,87113.1538691173
11000,90329.19201550957,78675.60350951107
11000,91353.39592912458,78364.63840914294
11000,97418.86973934426,88535.54309911742
11000,92626.2551745,82786.69680000002
11000,90100.05873650002,77168.52747000002
11000,94240.51633105587,86756.3514229232
11000,95246.4124578347,86624.75837960636
11000,92029.76205434425,84975.1698691174
11000,94809.6457745,86637.00230000004
11000,98913.27567283467,92004.3011496062
11000,96006.33887283466,90130.9716496063
11000,92406.98319615927,83092.30959474924
11000,91026.42857882813,81084.95534674877
11000,95151.36102283464,87634.97964960638
11000,98010.36542283464,90025.15014960637
11000,95765.82378839998,85948.66831400001
11000,94625.4953228347,86876.78714960635
11000,95922.24592283469,89990.40414960637
11000,96974.09702283464,90089.71864960634
11000,93889.7454690183,83451.77028714393
11000,89980.62954100003,79216.92124000001
11000,89582.09955783469,77435.92837960635
11000,88593.38079454713,78530.67809529034
11000,89742.32119802646,79223.71321153308
11000,90903.10869802648,80233.70221153318
11000,93406.20430434424,81553.99586911743
11000,95494.27220434422,85699.12636911741
11000,89851.9346051125,77339.31800968404
11000,92118.99393115925,83062.60182474925
11000,90262.1614796918,77286.92001192684
11000,95733.1219228347,87634.05264960634
11000,99534.05022283469,94939.88464960633
11000,92283.8354695,84043.99841500004
11000,88377.95878839999,76531.39031400002
11000,91175.90587283466,78867.67864960639
11000,91424.15752283466,83014.40764960634
11000,92124.6101884,82101.186814
11000,94412.50297449998,85503.39980000001
11000,84446.41486405573,69752.39181572001
11000,96631.78617283466,90841.13064960619
11000,91391.44144469181,82455.23278192682
11000,93096.99451208467,84503.40517960634
11000,88864.11445321249,78485.330665684
11000,96354.1675228347,89275.30164960634
11000,93689.24144671248,85293.26421568404
11000,98236.04847283468,93209.60614960619
11000,93335.92773400004,83069.27409500004
11000,89270.94323109042,76432.02150132638
11000,98487.8297728347,92379.8036496064
11000,92767.73028272121,83062.51457331686
11000,90295.77393275575,78584.81015172001
11000,95941.518171,90058.81093250001
11000,92171.56827949999,81309.40305
11000,90957.43217283468,79191.20064960636
11000,100293.21182283467,93515.60414960631
11000,95110.7471728347,84461.95664960639
11000,92753.83060434424,82710.83886911745
11000,94242.1651228347,84577.79914960636
11000,91171.7430058,80487.13646400002
11000,85381.28528400006,71750.99009500002
11000,88987.03758600961,76961.67466951106
11000,94825.48636287171,87217.57429043327
11000,83600.23106359183,68237.98537592683
11000,93678.1837228347,85266.74164960634
11000,89088.4770813246,78429.55943514287
11000,94197.20279099999,86488.99174000001
11000,95712.4353728347,90362.02564960625
11000,93795.3928810904,85136.68400132624
11000,98386.23162283469,93531.0681496062
11000,93444.2475043443,83581.40586911739
11000,91237.2211228347,79098.19564960636
11000,97707.82752283468,88254.51314960636
11000,91295.68760580003,80755.967964
11000,86164.04069599998,72051.07249
11000,91365.9155291246,80727.19740914291
11000,90414.649791,79947.38874
11000,95088.97677283469,87633.96864960635
11000,96841.51675783467,89250.7143796062
11000,94379.25144099999,86880.15307400002
11000,98683.79185434425,90827.7358691174
11000,91306.4050278347,81271.25039960632
11000,91622.03619615926,80617.20609474926
11000,98643.3911728347,90357.25114960638
11000,92593.26137783471,80327.36589960638
11000,94124.30284439342,85980.6925111424
11000,94954.71512283469,84724.74364960632
11000,88700.07447423418,78579.50342465396
11000,97567.95132283468,90889.78414960633
11000,92418.14673109043,82774.20300132618
11000,93049.05934150003,82974.21746500001
11000,92557.4573805125,86553.11815368403
11000,94457.98072283466,86584.84914960623
11000,88839.29360654714,78814.99559529033
11000,92767.0625745,81312.55880000004
11000,95500.38267283466,89643.63914960634
11000,92097.84685879998,85448.318708
11000,89552.73083934425,77165.7400991174
11000,90769.95648381829,81611.0760111439
11000,92826.6975228347,83241.73014960632
11000,95532.15649802651,87769.34871153318
11000,89614.7646210847,80248.50722460634
11000,87195.41977283468,73214.61164960633
11000,97608.14409100001,92412.69657399999
11000,95300.350741,87067.32074000002
11000,90948.42186949999,81388.82622000002
11000,91715.01340490956,79797.66126351108
11000,90946.41293839995,82406.88564800002
11000,89777.73087283465,76955.95514960635
11000,96051.73222283467,85994.94464960635
11000,94395.92903105589,85465.09542292319
11000,93508.99484585295,85545.73244675023
11000,85591.26661900005,74095.61032499999
11000,93005.1457695,81799.46222000004
11000,89835.840996,79524.66382400002
11000,91156.23460580003,80070.93946400001
11000,91270.80269099999,78726.96324000003
11000,98025.24633840003,90654.243814
11000,102301.94507283477,100845.51014960614
11000,91764.19783400002,82717.81409500002
11000,91342.301691,80292.78124000001
11000,91440.4683030265,80461.66696153318
11000,90210.7878098246,78095.10491514292
11000,93557.38513109043,85893.14100132638
11000,90286.70584615927,81578.04559474923
11000,90267.02468840001,81085.201314
11000,96133.94117283466,91892.7116496063
11000,92096.55723621247,83470.92341568402
11000,90101.93262283466,79567.36714960636
11000,94810.81139585297,89159.77594675025
11000,84165.99170302648,70239.22296153316
11000,90881.5655877246,80970.82795514293
11000,90228.9286655096,79072.03931451107
11000,88870.50807283468,75313.93714960638
11000,96082.57365771246,87257.46843568407
11000,87302.71538400002,76361.52709500001
11000,91558.51625434427,81678.6443691174
11000,97703.99978983476,94454.07239960613
11000,92096.13942283468,80441.97264960635
11000,95513.85129615925,85968.27059474928
11000,96366.12383839997,90407.93431400001
11000,98138.52507283472,90752.06264960633
11000,95428.2786728347,88179.21514960623
11000,92451.37587283467,83432.29814960634
11000,98091.56292283471,92028.63464960635
11000,93664.25514100002,82984.20174000003
11000,93651.92961950004,84690.60022000004
11000,90244.88262454717,79502.36257529035
11000,92832.62627283466,83595.24714960634
11000,92050.7376788281,83354.03384674875
11000,98883.28017283467,95222.83114960621
11000,91642.74687783467,79010.44239960633
11000,89076.03858840003,78635.47431400004
11000,92155.06568959184,82557.51107192686
11000,91487.525491,82015.40274000002
11000,92740.64480600957,83886.35501951107
11000,92363.9879384,85626.066314
11000,90001.46627283472,80905.86214960633
11000,93004.28792283472,82834.74864960634
11000,95544.23407283466,86930.88364960633
11000,88134.41937283469,75326.79164960633
11000,96371.10652283469,88763.96014960636
11000,92131.01107283466,80234.67064960634
11000,87095.31793649998,74910.76796999999
11000,94462.43278954717,83647.80234529034
11000,103122.4366728347,99073.41064960636
11000,97921.19739099998,95763.07157400003
11000,90737.40582283467,81512.16514960633
11000,97321.01735580004,91964.276964
11000,98543.08662283467,89630.91414960638
11000,88341.63939615927,77533.35509474925
11000,88533.03677283468,79005.23364960635
11000,84030.956551,72166.08134499997
11000,90695.70654802646,78734.0102115332
11000,102733.57699585299,97387.38894675024
11000,91977.44512283469,84244.89864960636
11000,96151.61109100001,88561.25274000005
11000,95438.49677283467,84687.16314960633
11000,91914.84089585295,82196.58644675027
11000,93992.05224100004,82952.67374000004
11000,86846.68664802649,73693.31021153317
11000,92489.99302283468,84489.24964960632
11000,89047.34219100002,79429.28474
11000,94838.1551077125,87235.74193568405
11000,91227.3727745,80440.97130000002
11000,94604.44284615929,87277.65859474924
11000,91643.69387283472,80314.34814960638
11000,92560.25402283468,80725.79064960637
11000,98056.78550019999,90619.65323
11000,86306.2987362125,72816.60141568402
11000,90038.56087449998,81489.9268
11000,93928.9532728347,85291.20064960633
11000,89672.5943228347,78625.94964960635
11000,90496.4334480265,80822.20821153306
11000,86125.99728111252,74323.073705684
11000,92158.74080434427,80172.27236911743
11000,90864.57262766885,80525.85231426022
11000,96996.50830783467,93448.52087960619
11000,94654.9284032125,86481.03741068403
11000,92883.27957283476,86065.41414960618
11000,94843.41112283469,87820.70314960637
11000,96109.70568840002,87669.34131400002
11000,92640.07167283469,81791.90964960636
11000,87473.71037589999,77516.4990765
11000,90435.91321950001,79206.37572000001
11000,97944.69737283466,91206.37014960634
11000,91121.84997283468,80297.49214960633
11000,99397.36192283465,91286.03964960633
11000,87168.04020953708,76388.91536082693
11000,95953.63037283467,89089.85164960635
11000,95932.98098840004,87233.18731399998
11000,94841.2027502,86207.72723000003
11000,96109.70640434427,85928.87786911741
11000,91476.37282283472,81191.19514960634
11000,91085.61033839999,82020.57131400002
11000,94375.78293,88445.45552
11000,95114.13755019999,85776.14573000002
11000,94495.80887283468,83465.68714960637
11000,95823.22564100001,87039.32574000004
11000,91561.65802449998,80387.80730000001
11000,91960.07395434423,84703.95986911729
11000,89895.16715580001,79148.42996400002
11000,96175.278041,86697.77574000004
11000,88165.41818400002,76778.33509500002
11000,91773.18917283471,80101.07564960637
11000,84871.22661370592,70391.27963282642
11000,92303.77502283467,82539.75264960625
11000,98548.16392283465,91549.46214960635
11000,92082.2368825183,82442.12882714391
11000,87024.26898983469,76322.12989960631
11000,95295.17340434428,88300.37136911742
11000,91706.94889615926,80288.04409474923
11000,91564.51717283466,82102.32464960637
11000,90445.8590428246,77663.78366514288
11000,92146.61434802647,83566.63771153317
11000,87420.89356315929,75827.80734474924
11000,95977.58712283468,88517.33414960637
11000,91727.67542783468,79369.90239960635
11000,91527.22181432457,80795.93218514291
11000,95982.53642283467,85646.67014960635
11000,91526.44446439997,80095.60551000004
11000,89440.29098983466,79523.91039960633
11000,93546.2955195,85290.73472000002
11000,98116.94529100001,90311.34307400003
11000,99249.43430434423,98296.72236911725
11000,98797.69672449998,92311.17230000003
11000,87386.3703295,75102.77954999999
11000,89897.64199340003,79488.06506400002
11000,87041.48390783471,75564.03837960631
11000,92517.30077283467,81334.24814960631
11000,88052.14614802648,74230.22371153317
11000,95143.11877283468,85711.87514960633
11000,88272.08934080003,74557.71769400002
11000,94649.62662283466,86674.30764960627
11000,100747.79162283469,94925.18714960632
11000,96488.04197283469,88020.57764960639
11000,85872.01006359179,71034.19537592685
11000,91545.873146,79355.98749000001
11000,90991.87284100002,79196.71124000002
11000,98621.61782283465,92067.18264960637
11000,97506.0888728348,92229.17064960612
11000,97146.59834100002,92050.86874000002
11000,96632.87822283464,87688.41264960625
11000,89381.72223900004,76107.723845
11000,93250.88512283469,85175.7161496063
11000,91576.29513,82089.24352
11000,96054.7593728347,88527.29714960633
11000,91910.98477283475,88767.20714960615
11000,94459.67734100003,83823.47874000005
11000,96478.99008840001,87447.96881400004
11000,89686.65569615926,80205.55659474924
11000,91865.61894615924,81958.32509474925
11000,87212.22402454715,75964.72607529035
11000,90815.73045783471,78150.82037960635
11000,91799.99442283472,80582.08114960634
11000,91097.5938695,77872.82422000002
11000,96712.38947283466,90336.12114960632
11000,94066.06833954717,83431.62684529036
11000,98534.40867283469,93474.9511496062
11000,90745.56208840001,80379.49081400003
11000,95083.5836228347,86539.75564960633
11000,95158.5427884,85722.35181400004
11000,96508.55013650001,87114.12321500004
11000,96388.47134099997,89359.66074000004
11000,89855.89432259914,79431.24057895917
11000,94369.09735783467,86214.15087960633
11000,88488.04541432459,77535.4326851429
11000,95694.07622283469,89098.94364960634
11000,89583.9595980265,80269.72371153318
11000,93947.5400728347,84182.45114960635
11000,88671.81313983467,77504.86489960621
11000,91845.06203839999,79760.19881400005
11000,85982.34497283467,72660.52664960634
11000,99670.14327783468,92659.85189960634
11000,99007.83680783468,96021.03487960633
11000,97536.42543105583,88786.54592292321
11000,102486.96059100001,98527.14474000002
11000,86431.44550600962,74501.48418951106
11000,93761.7915961593,85035.34409474925
11000,95674.14457283469,89771.97564960638
11000,96949.63657283472,90556.31464960633
11000,89346.35901900003,78046.319325
11000,91630.7532480265,83610.55571153319
11000,95130.83292283467,86880.44814960635
11000,93640.35029925575,86287.24809172
11000,97041.25732283466,87658.80614960636
11000,94606.58822283466,85851.98914960635
11000,92019.0796745,80378.6003
11000,91470.33328840001,81720.53881400001
11000,90006.06491950004,77583.49772000003
11000,91855.895891,83859.53424
11000,92436.01880783468,85661.77087960631
11000,88953.53835934422,78724.57911911739
11000,91171.52219099998,78937.22774000003
11000,93695.99147283466,84075.46014960625
11000,95575.67862283469,85647.31014960638
11000,93695.97910580001,84710.85646400003
11000,90648.9942946918,78658.94128192686
11000,94499.75653954718,87380.89534529034
11000,88348.48088934427,75581.12159911738
11000,94976.7897143246,87478.67218514293
11000,91260.82239802644,80921.73271153308
11000,93861.96145434436,85742.8838691172
11000,93816.52780580001,86602.25246400005
11000,92168.77427283468,80907.76664960633
11000,90048.00602283468,80932.99414960637
11000,91743.35968983467,80077.44339960633
11000,87649.65316365575,76516.86591572
11000,97363.63052283469,90558.84814960633
11000,96263.49255283468,85840.69684210634
11000,92216.38566619183,80076.69930192686
11000,92845.87140783467,81870.52037960633
11000,92660.10051990957,85507.91053351107
11000,87163.17255071251,73098.42729068403
11000,96584.61777283464,89363.09464960637
11000,87609.27326949999,75986.73971999998
11000,96628.2213728347,89456.06114960632
11000,91680.25190434426,83988.7893691174
11000,98532.10307283478,97677.09314960612
11000,92259.86587283468,83456.25414960633
11000,91291.80897283468,80276.10414960636
11000,89664.37399149998,78837.82254999998
11000,89854.027784,78133.042595
11000,88398.90350783471,76249.12137960635
11000,96154.66239844999,90442.269805
11000,90235.37262283468,79179.63064960632
11000,93005.81242283467,82079.33514960637
11000,94990.4341480265,87398.93721153316
11000,90660.88022283466,82037.19414960634
11000,94166.69094100002,86195.31324000003
11000,92362.10450332459,82240.93896514292
11000,90801.26342283467,78979.44064960633
11000,91064.14633302651,80199.83294153315
11000,96950.69052283469,88752.78714960632
11000,94415.45942283468,84945.27214960636
11000,97551.04223650001,92199.10021499998
11000,88532.67524582808,77351.88409674875
11000,90013.56043840002,79107.187814
11000,90343.44337283469,80138.85514960634
11000,92589.41617283468,83505.67364960631
11000,99608.89917283469,94250.26314960637
11000,90589.79989615928,79574.58559474925
11000,91005.94191359181,80865.86237592685
11000,92582.90674662121,81570.18408731687
11000,94623.90212134425,90115.79161911739
11000,94200.5986578347,85677.32837960632
11000,94965.20562783476,88935.99689960615
11000,91309.1770228347,82576.55164960635
11000,91178.4921884,79430.07481400005
11000,90845.5701054,79660.75356400003
11000,96900.14285283475,91303.69234210614
11000,95903.9244728347,88965.52614960633
11000,91703.22569121246,80218.66449568405
11000,95180.57497283467,84669.08564960636
11000,93754.79289585298,86725.88194675023
11000,89394.61542882808,78974.58434674864
11000,91008.01032205575,81175.96830972002
11000,90245.15698302648,78995.15544153316
11000,94342.56792283466,84964.62814960627
11000,93964.45121172459,86308.61775914292
11000,87434.923584,74929.08809500001
11000,97798.47777283468,89049.79064960635
11000,92041.25862450001,83964.64830000002
11000,85642.43518954715,70882.31334529034
11000,91424.61624100001,82926.79524
11000,95491.44052283466,86645.28114960638
11000,96609.95738650001,90162.139215
11000,90575.86970434424,81766.31336911742
11000,91697.09430284178,79460.19240592683
11000,91909.10582283468,80550.87264960635
11000,88264.3502455406,76996.68704243276
11000,94196.78294782458,86606.87574514293
11000,90229.95667283468,80600.31314960634
11000,92890.05517283469,83320.22414960635
11000,88982.40041033464,79370.57791210621
11000,93520.42882283468,85753.43764960632
11000,85273.13370511247,71343.56550968402
11000,96063.98832449998,87432.67030000003
11000,85372.12996953707,70389.72619082691
11000,99329.08633983474,94352.61489960614
11000,95567.87857283467,87030.28814960622
11000,92892.10503839998,84735.55631400003
11000,88931.05933109047,77294.91150132634
11000,90065.61972283467,77961.17564960635
11000,88762.96227283467,76677.37764960635
11000,91961.02222283467,82784.37714960636
11000,94744.52022283468,88676.63964960634
11000,92680.89720732463,84516.78004014293
11000,97261.80567283467,89726.09114960628
11000,90013.93560434428,78253.6393691174
11000,92135.66085580002,81375.734964
11000,93326.70102283466,82196.75414960636
11000,91059.9148966212,81236.10008731684
11000,98089.50902283465,89411.37264960633
11000,94654.96812283472,85395.26214960634
11000,92926.36612283468,82124.60564960634
11000,85224.3945058,71260.234464
11000,96075.74750783466,87869.40137960622
11000,93466.96247283467,81779.41314960633
11000,93783.4479728347,83891.27664960636
11000,89859.01642283468,78155.28314960633
11000,95205.6374058,85484.78946400004
11000,95483.9477728347,88224.56414960625
11000,93709.28267283467,85731.03664960625
11000,83028.22790504918,67527.2652428624
11000,92668.38675100959,82757.1834395111
11000,95864.98254922121,86613.1375133169
11000,96993.83194100001,89935.41624000006
11000,93627.73309802657,86152.47671153299
11000,91868.04123105587,80344.9174229232
11000,88327.25168400005,76719.73309500002
11000,91852.5410245,80133.15330000003
11000,94312.8535117246,83401.96325914291
11000,93724.76632283468,84083.17114960638
11000,94004.2224143246,82814.98168514294
11000,94042.98150434432,90487.6143691172
11000,98568.90458833466,91391.2018796062
11000,95864.29202283468,90379.47664960625
11000,93793.73768621245,83324.32191568405
11000,89964.65882545573,83288.36233172
11000,87991.70246932458,75447.39576914291
11000,94773.79772600002,88213.25047
11000,92735.048534,82106.57179
11000,89655.55392882813,77145.27084674874
11000,94803.0818778347,84875.17039960634
11000,93782.39186169181,86844.88527692684
11000,84303.9664360904,70571.82775132635
11000,93387.56744802646,82984.4887115331
11000,94460.53213400001,85762.77509500006
11000,95914.58337283469,86009.72914960636
11000,93231.49532283469,83285.98014960633
11000,92529.75437283466,84573.39514960634
11000,91599.755191,83573.52124000005
11000,98568.38774100003,91523.21074000005
11000,95172.1007288281,89088.62484674875
11000,93358.83329469184,81930.32797692687
11000,84463.61604653607,69609.79118104422
11000,85749.43406287178,73104.43329043324
11000,91056.46598400001,78747.76909500004
11000,93246.56590783471,82216.87387960634
11000,97296.03647283468,87559.51764960635
11000,93264.28792283469,81928.11264960634
11000,94367.12173649999,87900.21821500002
11000,94185.66157783469,84762.37139960632
11000,96845.94082449996,88218.51280000003
11000,93628.97909600001,84351.14399000003
11000,89100.03927783472,78186.73739960634
11000,86542.56023954715,73722.45984529036
11000,99564.30827283466,91560.80914960633
11000,89090.01183900006,79201.779345
11000,95449.48247283466,88209.34364960635
11000,91132.84635450003,79642.98195000002
11000,97488.87616990955,91126.79603351108
11000,94702.21416950005,87420.38272000002
11000,87885.6926309918,74434.32152592685
11000,95652.37512108465,93451.7677246062
11000,90325.90688621248,79943.23441568401
11000,90945.23230783467,78703.04937960635
11000,92054.07300732456,83510.13773514288
11000,90059.58073270142,79107.22925143791
11000,86263.70128840001,72055.22481400002
11000,92394.51409782459,80053.14924514292
11000,91686.47969100002,81390.05624000002
11000,90691.93152283467,77757.67714960636
11000,92770.6337058,82212.93596400002
11000,92896.78992933418,83286.30896465399
11000,85062.34109665576,70725.93866572001
11000,96326.56025879999,93939.39070800002
11000,88776.19283999344,77074.84879214241
11000,93609.23257283466,83240.09864960625
11000,96392.4186728347,87466.09714960634
11000,89258.51162283465,79255.45764960631
11000,87925.0723865,74849.44197
11000,93064.7042228347,82630.91064960633
11000,89711.54002775578,77818.79126672001
11000,98623.71757283468,92566.44314960625
11000,96942.59299585296,89758.82444675025
11000,86707.52922783466,73761.97739960632
11000,98039.10741950001,91148.27122000004
11000,92604.76657283466,81138.73664960635
11000,98854.59534100002,90892.35124000006
11000,99048.99757283468,92787.00364960622
11000,92766.15583954717,85941.02884529026
11000,88742.37723839997,78948.78931400001
11000,96600.15794100001,91540.03424000002
11000,95817.24622283467,90710.10264960625
11000,94884.88063105586,86425.04192292319
11000,92482.7138873096,82279.85718351108
11000,92859.40037283467,80798.81214960634
11000,91186.92092283469,81179.28814960635
11000,94514.30189099998,86992.58774000003
11000,94475.94590434426,84171.9188691174
11000,89843.04768600961,77934.05986451106
11000,92336.87625783468,81365.54787960635
11000,91297.79602283468,82708.01164960634
11000,92125.99214469183,79887.66328192686
11000,85206.3403591918,73373.02435192683
11000,101213.84797283466,98661.97714960622
11000,94655.43336950004,85264.87122000002
11000,89223.70020511247,79112.23650968401
11000,95876.96182283468,87454.72014960632
11000,87737.00887283466,76816.03764960635
11000,94765.9787228347,83899.58614960637
11000,93621.34383954713,84305.94134529035
11000,92628.57523024997,84258.862604
11000,97397.72932283468,91459.78414960635
11000,87344.09511950001,73335.09122000003
11000,94984.50799615926,84282.52009474923
11000,93580.34135783478,90456.53237960614
11000,90083.60358621248,77150.82141568403
11000,95827.42675450003,87140.63364500001
11000,96797.9730058,88777.78696400001
11000,88387.5592228347,74568.20864960636
11000,90286.41740100959,79040.95843951109
11000,89978.53369469178,77883.80928192686
11000,93225.00819615925,85178.80059474925
11000,93753.23111950001,87816.05372000003
11000,92181.1690577125,82106.75493568403
11000,90512.1439228347,79501.38214960638
11000,90671.1212150265,80210.81346153315
11000,98754.28662283473,91526.85814960634
11000,97524.08093839999,88721.33331400002
11000,95494.0434695,85401.97391500002
11000,91952.17234782458,81793.37124514292
11000,90597.19402766887,79959.95481426032
11000,94369.97037283468,83874.44414960637
11000,94523.31342283466,84854.29914960635
11000,94099.03247283466,84800.21064960635
11000,89824.09648839998,79460.994314
11000,90125.45224802653,79921.26521153316
11000,99021.51968840005,90442.08181400002
11000,94308.30235100958,87104.80443951109
11000,90100.71442766888,79374.32281426029
11000,94774.52345434434,89723.30436911722
11000,92404.0059728347,80161.04964960636
11000,92157.6296558,80537.86546400003
11000,88144.59965580003,76177.455964
11000,91847.42348840002,81582.23781400002
11000,99859.18027283468,94471.72464960626
11000,92507.73210934427,82839.8431191174
11000,100922.6272728347,98183.45814960638
11000,93997.73105434429,85691.01586911728
11000,99798.28938840004,95683.20731399997
11000,93695.53227283468,82570.50414960638
11000,89050.30012450003,76310.2543
11000,93333.9280228347,82288.94964960637
11000,84329.14455071249,70048.806290684
11000,96324.06612283467,89372.90314960634
11000,88153.58133400005,76657.56959500001
11000,97108.51432283472,87350.03314960636
11000,88682.64856440002,77377.19901000001
11000,93747.88074615928,82649.00359474926
11000,90992.46912283466,78470.16914960636
11000,87559.85955519999,75837.95898000002
11000,92120.94742283465,81735.51714960627
11000,87850.52473954715,76962.88584529035
11000,93343.17920771248,85336.81343568405
11000,97364.62827283467,89589.25914960634
11000,91317.9331373096,81305.8411835111
11000,88595.59468115929,74937.09532474923
11000,97830.39203400003,89228.51898500002
11000,92199.1002873096,82232.14318351109
11000,96102.73408840003,90490.64481399998
11000,97492.37540434426,89251.89536911738
11000,90909.83982283463,79979.12564960626
11000,86748.01229599999,74751.81349
11000,98365.97670783466,89843.22537960632
11000,100565.84607283465,95978.7901496062
11000,96026.7321228347,86576.7296496064
11000,88247.1282778347,74748.46539960634
11000,89590.3031398347,78699.52389960633
11000,92725.604541,81575.62324000003
11000,89878.82612953604,78771.49193104426
11000,95771.55263816444,87244.41374335287
11000,90693.77352283467,77920.67464960636
11000,91179.3546010096,81901.75993951106
11000,90368.55816440002,79996.98701000001
11000,89874.46016800958,82968.61218951103
